,#,Player,Pos,HT,WT,Age,Current Team,YOS,Pre-Draft Team,Draft Status,Nationality
0,5,Precious Achiuwa,SF,6-8,244,23,Toronto Raptors,2,Memphis,2020 Rnd 1 Pick 20,Nigeria
1,4,Steven Adams,C,6-11,265,29,Memphis Grizzlies,9,Pittsburgh,2013 Rnd 1 Pick 12,New Zealand
2,13,Bam Adebayo,C,6-10,255,25,Miami Heat,5,Kentucky,2017 Rnd 1 Pick 14,United States
3,30,Ochai Agbaji,SF,6-5,215,23,Utah Jazz,0,Kansas,2022 Rnd 1 Pick 14,United States
4,7,Santi Aldama,C,6-11,224,22,Memphis Grizzlies,1,Loyola (MD),2021 Rnd 1 Pick 30,Spain
5,9,Nickeil Alexander-Walker,SG,6-5,205,24,Minnesota Timberwolves,3,Virginia Tech,2019 Rnd 1 Pick 17,Canada
6,7,Grayson Allen,SG,6-4,198,27,Milwaukee Bucks,4,Duke,2018 Rnd 1 Pick 21,United States
7,31,Jarrett Allen,C,6-11,248,25,Cleveland Cavaliers,5,Texas,2017 Rnd 1 Pick 22,United States
8,15,Jose Alvarado,G,6-0,179,25,New Orleans Pelicans,1,Georgia Tech,"2021 NBA Draft, Undrafted",United StatesPuerto Rico
9,5,Kyle Anderson,PF,6-9,230,29,Minnesota Timberwolves,8,UCLA,2014 Rnd 1 Pick 30,United States
10,34,Giannis Antetokounmpo,F,6-11,242,28,Milwaukee Bucks,9,Filathlitikos Div II Greece (Greece),2013 Rnd 1 Pick 15,GreeceNigeria
11,43,Thanasis Antetokounmpo,SF,6-7,215,30,Milwaukee Bucks,4,Delaware 87ers,2014 Rnd 2 Pick 21,GreeceNigeria
12,50,Cole Anthony,PG,6-3,195,22,Orlando Magic,2,North Carolina,2020 Rnd 1 Pick 15,United States
13,3,OG Anunoby,SF,6-7,240,25,Toronto Raptors,5,Indiana,2017 Rnd 1 Pick 23,EnglandUnited States
14,14,D.J. Augustin,G,6-0,183,35,Houston Rockets,14,Texas,2008 Rnd 1 Pick 9,United States
15,9,Deni Avdija,SG,6-9,210,22,Washington Wizards,2,Maccabi Tel Aviv U18 (Israel),2020 Rnd 1 Pick 9,Israel
16,22,Deandre Ayton,C,7-1,250,24,Phoenix Suns,4,Arizona,2018 Rnd 1 Pick 1,Bahamas
17,20,Udoka Azubuike,C,7-0,270,23,Utah Jazz,2,Kansas,2020 Rnd 1 Pick 27,Nigeria
18,41,Ibou Badji,C,7-2,230,20,Portland Trail Blazers,0,Forca Lleida CE (Spain),"2022 NBA Draft, Undrafted",Senegal
19,35,Marvin Bagley III,PF,6-11,235,24,Detroit Pistons,4,Duke,2018 Rnd 1 Pick 2,United States
20,7,"Patrick Baldwin, Jr.",SG,6-9,220,20,Golden State Warriors,0,Milwaukee,2022 Rnd 1 Pick 28,United States
21,1,LaMelo Ball,G,6-7,180,21,Charlotte Hornets,2,Illawarra (Australia),2020 Rnd 1 Pick 3,United States
22,2,Lonzo Ball,PG,6-6,190,25,Chicago Bulls,5,UCLA,2017 Rnd 1 Pick 2,United States
23,12,Mohamed Bamba,C,7-0,230,24,Los Angeles Lakers,4,Texas,2018 Rnd 1 Pick 6,United States
24,5,Paolo Banchero,C,6-10,255,20,Orlando Magic,0,Duke,2022 Rnd 1 Pick 1,United StatesItaly
25,22,Desmond Bane,SG,6-6,215,24,Memphis Grizzlies,2,Texas Christian,2020 Rnd 1 Pick 30,United States
26,45,Dalano Banton,PG,6-7,203,23,Toronto Raptors,1,Nebraska,2021 Rnd 2 Pick 16,Canada
27,26,Dominick Barlow,F,6-10,220,20,San Antonio Spurs,0,Overtime Elite (Georgia),"2022 NBA Draft, Undrafted",United States
28,40,Harrison Barnes,SF,6-8,225,30,Sacramento Kings,10,North Carolina,2012 Rnd 1 Pick 7,United States
29,4,Scottie Barnes,SF,6-8,225,21,Toronto Raptors,1,Florida State,2021 Rnd 1 Pick 4,United States
30,9,R.J. Barrett,SG,6-7,202,22,New York Knicks,3,Duke,2019 Rnd 1 Pick 3,Canada
31,1,Will Barton,GF,6-5,181,32,Toronto Raptors,10,Memphis,2012 Rnd 2 Pick 10,United States
32,28,Charles Bassey,PF,6-11,230,22,San Antonio Spurs,1,Western Kentucky,2021 Rnd 2 Pick 23,NigeriaUnited States
33,31,Keita Bates-Diop,SF,6-8,230,27,San Antonio Spurs,4,Ohio State,2018 Rnd 2 Pick 18,United States
34,33,Nicolas Batum,F,6-8,230,34,Los Angeles Clippers,14,Le Mans Sarthe Basket (France),2008 Rnd 1 Pick 25,France
35,55,Darius Bazley,PF,6-9,216,22,Phoenix Suns,3,,2019 Rnd 1 Pick 23,United States
36,3,Bradley Beal,SG,6-3,207,29,Washington Wizards,10,Florida,2012 Rnd 1 Pick 3,United States
37,5,Malik Beasley,SG,6-4,187,26,Los Angeles Lakers,6,Florida State,2016 Rnd 1 Pick 19,United States
38,0,MarJon Beauchamp,SG,6-7,197,22,Milwaukee Bucks,0,NBA G League Ignite,2022 Rnd 1 Pick 24,United States
39,44,Davis Bertans,SF,6-10,225,30,Dallas Mavericks,6,Union Olimpija (Slovenia),2011 Rnd 2 Pick 12,Latvia
40,21,Patrick Beverley,PG,6-1,180,34,Chicago Bulls,10,Dnipro Dnipropetrovsk (Ukraine),2009 Rnd 2 Pick 12,United States
41,41,Saddiq Bey,F,6-8,215,24,Atlanta Hawks,2,Villanova,2020 Rnd 1 Pick 19,United States
42,92,Khem Birch,PF,6-8,226,30,San Antonio Spurs,5,UNLV,"2014 NBA Draft, Undrafted",Canada
43,35,Goga Bitadze,C,6-11,245,23,Orlando Magic,3,KK Mega Bemax (Serbia),2019 Rnd 1 Pick 18,Georgia
44,18,Bismack Biyombo,PF,6-9,255,30,Phoenix Suns,11,Urbas Fuenlabrada (Spain),2011 Rnd 1 Pick 7,Democratic Republic of the Congo
45,27,Buddy Boeheim,SG,6-6,195,23,Detroit Pistons,0,Syracuse,"2022 NBA Draft, Undrafted",United States
46,13,Bogdan Bogdanovic,SG,6-6,220,30,Atlanta Hawks,5,KK Partizan (Serbia),2014 Rnd 1 Pick 27,Serbia
47,44,Bojan Bogdanovic,F,6-8,216,34,Detroit Pistons,8,KK Cibona (Croatia),2011 Rnd 2 Pick 1,Bosnia and HerzegovinaCroatia
48,10,Bol Bol,C,7-2,220,23,Orlando Magic,3,Oregon,2019 Rnd 2 Pick 14,United States
49,1,Devin Booker,SG,6-6,206,26,Phoenix Suns,7,Kentucky,2015 Rnd 1 Pick 13,United States
50,4,"B.J. Boston, Jr.",SG,6-6,188,21,Los Angeles Clippers,1,Kentucky,2021 Rnd 2 Pick 21,United States
51,25,Chris Boucher,PF,6-9,198,30,Toronto Raptors,5,Oregon,"2017 NBA Draft, Undrafted",Saint LuciaCanada
52,2,James Bouknight,G,6-4,190,22,Charlotte Hornets,1,Connecticut,2021 Rnd 1 Pick 11,United States
53,22,Malaki Branham,GF,6-5,195,19,San Antonio Spurs,0,Ohio State,2022 Rnd 1 Pick 20,United States
54,0,Christian Braun,SF,6-6,210,22,Denver Nuggets,0,Kansas,2022 Rnd 1 Pick 21,United States
55,1,Mikal Bridges,SG,6-7,210,26,Brooklyn Nets,4,Villanova,2018 Rnd 1 Pick 10,United States
56,12,Oshae Brissett,PF,6-7,210,24,Indiana Pacers,3,Syracuse,"2019 NBA Draft, Undrafted",Canada
57,13,Malcolm Brogdon,SG,6-5,229,30,Boston Celtics,6,Virginia,2016 Rnd 2 Pick 6,United States
58,24,Dillon Brooks,F,6-6,220,27,Memphis Grizzlies,5,Oregon,2017 Rnd 2 Pick 15,Canada
59,7,Jaylen Brown,SF,6-6,220,26,Boston Celtics,6,California,2016 Rnd 1 Pick 3,United States
60,11,"Bruce Brown, Jr.",SG,6-4,202,26,Denver Nuggets,4,Miami (FL),2018 Rnd 2 Pick 12,United States
61,7,"Troy Brown, Jr.",SF,6-6,215,23,Los Angeles Lakers,4,Oregon,2018 Rnd 1 Pick 15,United States
62,10,Kendall Brown,G,6-8,205,20,Indiana Pacers,0,Baylor,2022 Rnd 2 Pick 18,United States
63,11,Jalen Brunson,PG,6-1,190,26,New York Knicks,4,Villanova,2018 Rnd 2 Pick 3,United States
64,13,Thomas Bryant,C,6-10,248,25,Denver Nuggets,5,Indiana,2017 Rnd 2 Pick 12,United States
65,25,Reggie Bullock,SG,6-6,205,32,Dallas Mavericks,9,North Carolina,2013 Rnd 1 Pick 25,United States
66,5,Alec Burks,SG,6-6,214,31,Detroit Pistons,11,Colorado,2011 Rnd 1 Pick 12,United States
67,14,Jared Butler,PG,6-3,195,22,Oklahoma City Thunder,1,Baylor,2021 Rnd 2 Pick 10,United States
68,22,Jimmy Butler,GF,6-8,232,33,Miami Heat,11,Marquette,2011 Rnd 1 Pick 30,United States
69,21,John Butler,C,7-1,190,20,Portland Trail Blazers,0,Florida State,"2022 NBA Draft, Undrafted",United States
70,54,Jamal Cain,F,6-7,191,24,Miami Heat,0,Oakland,"2022 NBA Draft, Undrafted",United States
71,5,Kentavious Caldwell-Pope,SG,6-5,204,30,Denver Nuggets,9,Georgia,2013 Rnd 1 Pick 8,United States
72,31,Vlatko Cancar,SF,6-8,236,26,Denver Nuggets,3,KK Mega Bemax (Serbia),2017 Rnd 2 Pick 19,Slovenia
73,15,Clint Capela,PF,6-10,240,28,Atlanta Hawks,8,Chalon-Sur-Saone (France),2014 Rnd 1 Pick 25,Switzerland
74,13,"Vernon Carey, Jr.",PF,6-9,270,22,Utah Jazz,2,Duke,2020 Rnd 2 Pick 2,United States
75,5,Jevon Carter,PG,6-1,195,27,Milwaukee Bucks,4,West Virginia,2018 Rnd 2 Pick 2,United States
76,34,"Wendell Carter, Jr.",PF,6-10,265,24,Orlando Magic,4,Duke,2018 Rnd 1 Pick 7,United States
77,11,Michael Carter-Williams,PG,6-6,195,31,Orlando Magic,9,Syracuse,2013 Rnd 1 Pick 11,United States
78,6,Alex Caruso,G,6-5,186,29,Chicago Bulls,5,Texas A&M,"2016 NBA Draft, Undrafted",United States
79,2,Willie Cauley-Stein,C,7-0,240,29,Houston Rockets,7,Kentucky,2015 Rnd 1 Pick 6,United States
80,30,Julian Champagnie,F,6-8,215,22,San Antonio Spurs,0,St. John's,"2022 NBA Draft, Undrafted",United States
81,99,Justin Champagnie,F,6-6,210,21,Boston Celtics,1,Pittsburgh,"2021 NBA Draft, Undrafted",United States
82,10,Max Christie,F,6-6,190,20,Los Angeles Lakers,0,Michigan State,2022 Rnd 2 Pick 5,United States
83,9,Josh Christopher,G,6-5,215,21,Houston Rockets,1,Arizona State,2021 Rnd 1 Pick 24,United States
84,15,Brandon Clarke,PF,6-8,210,26,Memphis Grizzlies,3,Gonzaga,2019 Rnd 1 Pick 21,Canada
85,0,Jordan Clarkson,G,6-5,192,30,Utah Jazz,8,Missouri,2014 Rnd 2 Pick 16,United StatesPhilippines
86,33,Nicolas Claxton,C,6-11,226,24,Brooklyn Nets,3,Georgia,2019 Rnd 2 Pick 1,United StatesU.S. Virgin Islands
87,7,Amir Coffey,SF,6-7,210,25,Los Angeles Clippers,3,Minnesota,"2019 NBA Draft, Undrafted",United States
88,20,John Collins,PF,6-9,235,25,Atlanta Hawks,5,Wake Forest,2017 Rnd 1 Pick 19,United States
89,23,Zach Collins,C,6-11,250,25,San Antonio Spurs,5,Gonzaga,2017 Rnd 1 Pick 10,United States
90,10,Mike Conley,PG,6-1,175,35,Minnesota Timberwolves,15,Ohio State,2007 Rnd 1 Pick 4,United States
91,24,Pat Connaughton,SF,6-4,209,30,Milwaukee Bucks,7,Notre Dame,2015 Rnd 2 Pick 11,United States
92,12,Xavier Cooks,GF,6-8,185,27,Washington Wizards,0,Winthrop,"2018 NBA Draft, Undrafted",Australia
93,23,Robert Covington,F,6-7,209,32,Los Angeles Clippers,9,Tennessee State,"2013 NBA Draft, Undrafted",United States
94,12,Torrey Craig,GF,6-7,221,32,Phoenix Suns,5,USC Upstate,"2014 NBA Draft, Undrafted",United States
95,99,Jae Crowder,SF,6-6,235,32,Milwaukee Bucks,10,Marquette,2012 Rnd 2 Pick 4,United States
96,2,Cade Cunningham,SF,6-6,220,21,Detroit Pistons,1,Oklahoma State,2021 Rnd 1 Pick 1,United States
97,30,Seth Curry,G,6-1,190,32,Brooklyn Nets,9,Duke,"2013 NBA Draft, Undrafted",United States
98,30,Stephen Curry,G,6-3,198,35,Golden State Warriors,13,Davidson,2009 Rnd 1 Pick 7,United States
99,11,Dyson Daniels,GF,6-8,199,20,New Orleans Pelicans,0,NBA G League Ignite,2022 Rnd 1 Pick 8,Australia
100,3,Anthony Davis,PF,6-10,253,30,Los Angeles Lakers,10,Kentucky,2012 Rnd 1 Pick 1,United States
101,1,Johnny Davis,F,6-5,195,21,Washington Wizards,0,Wisconsin,2022 Rnd 1 Pick 10,United States
102,3,Terence Davis,SF,6-4,201,25,Sacramento Kings,3,Ole Miss,"2019 NBA Draft, Undrafted",United States
103,20,J.D. Davison,F,6-1,195,20,Boston Celtics,0,Alabama,2022 Rnd 2 Pick 23,United States
104,5,Darius Days,PF,6-7,240,23,Houston Rockets,0,LSU,"2022 NBA Draft, Undrafted",United States
105,11,DeMar DeRozan,GF,6-6,220,33,Chicago Bulls,13,USC,2009 Rnd 1 Pick 9,United States
106,14,Dewayne Dedmon,PF,7-0,245,33,Philadelphia Sixers,9,USC,"2013 NBA Draft, Undrafted",United States
107,8,Matt Dellavedova,G,6-3,200,32,Sacramento Kings,8,Saint Mary's,"2013 NBA Draft, Undrafted",Australia
108,0,Donte DiVincenzo,SG,6-4,206,26,Golden State Warriors,4,Villanova,2018 Rnd 1 Pick 17,United States
109,25,Moussa Diabate,PF,6-11,210,21,Los Angeles Clippers,0,Michigan,2022 Rnd 2 Pick 13,France
110,21,Mamadi Diakite,PF,6-9,224,26,Cleveland Cavaliers,2,Virginia,"2020 NBA Draft, Undrafted",Guinea
111,6,Hamidou Diallo,SG,6-5,202,24,Detroit Pistons,4,Kentucky,2018 Rnd 2 Pick 15,United StatesGuinea
112,41,Gorgui Dieng,FC,6-10,250,33,San Antonio Spurs,9,Louisville,2013 Rnd 1 Pick 21,Senegal
113,13,Ousmane Dieng,SG,6-10,216,19,Oklahoma City Thunder,0,New Zealand (New Zealand),2022 Rnd 1 Pick 11,France
114,26,Spencer Dinwiddie,PG,6-5,215,30,Brooklyn Nets,8,Colorado,2014 Rnd 2 Pick 8,United States
115,77,Luka Doncic,SF,6-7,230,24,Dallas Mavericks,4,Real Madrid (Spain),2018 Rnd 1 Pick 3,Slovenia
116,5,Luguentz Dort,PG,6-4,220,24,Oklahoma City Thunder,3,Arizona State,"2019 NBA Draft, Undrafted",Canada
117,12,Ayo Dosunmu,PG,6-4,200,23,Chicago Bulls,1,Illinois,2021 Rnd 2 Pick 8,United States
118,20,Jeff Dowtin,PG,6-3,185,26,Toronto Raptors,1,Rhode Island,"2020 NBA Draft, Undrafted",United States
119,35,P.J. Dozier,PG,6-6,205,26,Sacramento Kings,5,South Carolina,"2017 NBA Draft, Undrafted",United States
120,31,Goran Dragic,G,6-3,190,36,Milwaukee Bucks,14,Union Olimpija (Slovenia),2008 Rnd 2 Pick 15,Slovenia
121,3,Andre Drummond,C,6-10,279,29,Chicago Bulls,10,Connecticut,2012 Rnd 1 Pick 9,United States
122,3,Chris Duarte,PG,6-6,190,25,Indiana Pacers,1,Oregon,2021 Rnd 1 Pick 13,CanadaDominican Republic
123,6,David Duke,SG,6-4,207,23,Brooklyn Nets,1,Providence,"2021 NBA Draft, Undrafted",United States
124,11,Kris Dunn,SG,6-3,205,29,Utah Jazz,6,Providence,2016 Rnd 1 Pick 5,United States
125,35,Kevin Durant,SF,6-10,225,34,Phoenix Suns,15,Texas,2007 Rnd 1 Pick 2,United States
126,0,Jalen Duren,PF,6-10,250,19,Detroit Pistons,0,Memphis,2022 Rnd 1 Pick 13,United States
127,17,Tari Eason,F,6-8,216,21,Houston Rockets,0,LSU,2022 Rnd 1 Pick 17,United States
128,1,Anthony Edwards,SF,6-5,229,21,Minnesota Timberwolves,2,Georgia,2020 Rnd 1 Pick 1,United States
129,17,Kessler Edwards,SG,6-8,214,22,Sacramento Kings,1,Pepperdine,2021 Rnd 2 Pick 14,United States
130,23,Keon Ellis,F,6-5,175,23,Sacramento Kings,0,Alabama,"2022 NBA Draft, Undrafted",United States
131,21,Joel Embiid,C,7-0,280,29,Philadelphia Sixers,8,Kansas,2014 Rnd 1 Pick 3,Cameroon
132,24,Drew Eubanks,C,6-9,245,26,Portland Trail Blazers,4,Oregon State,"2018 NBA Draft, Undrafted",United States
133,24,Bruno Fernando,C,6-9,240,24,Atlanta Hawks,3,Maryland,2019 Rnd 2 Pick 4,Angola
134,28,Dorian Finney-Smith,SF,6-7,220,29,Brooklyn Nets,6,Florida,"2016 NBA Draft, Undrafted",United States
135,22,Malachi Flynn,PG,6-1,176,24,Toronto Raptors,2,San Diego State,2020 Rnd 1 Pick 29,United States
136,16,Simone Fontecchio,SF,6-7,200,27,Utah Jazz,0,AX Armani Exchange Milan (Italy),"2017 NBA Draft, Undrafted",Italy
137,2,Trent Forrest,SG,6-4,210,24,Atlanta Hawks,2,Florida State,"2020 NBA Draft, Undrafted",United States
138,13,Evan Fournier,SG,6-7,205,30,New York Knicks,10,Poitiers Basket 86 (France),2012 Rnd 1 Pick 20,France
139,5,De'Aaron Fox,PG,6-3,185,25,Sacramento Kings,5,Kentucky,2017 Rnd 1 Pick 5,United States
140,20,Markelle Fultz,PG,6-4,210,24,Orlando Magic,5,Washington,2017 Rnd 1 Pick 1,United States
141,35,Wenyen Gabriel,PF,6-9,205,26,Los Angeles Lakers,4,Kentucky,"2018 NBA Draft, Undrafted",South Sudan
142,21,Daniel Gafford,C,6-10,234,24,Washington Wizards,3,Arkansas,2019 Rnd 2 Pick 8,United States
143,8,Danilo Gallinari,SF,6-10,233,34,Boston Celtics,14,AX Armani Exchange Milan (Italy),2008 Rnd 1 Pick 6,Italy
144,10,Darius Garland,G,6-1,186,23,Cleveland Cavaliers,3,Vanderbilt,2019 Rnd 1 Pick 5,United States
145,16,Usman Garuba,C,6-8,220,21,Houston Rockets,1,Real Madrid (Spain),2021 Rnd 1 Pick 23,Spain
146,55,Luka Garza,C,6-10,243,24,Minnesota Timberwolves,1,Iowa,2021 Rnd 2 Pick 22,United States
147,22,Rudy Gay,SF,6-8,240,36,Utah Jazz,16,Connecticut,2006 Rnd 1 Pick 8,United States
148,13,Paul George,GF,6-8,220,32,Los Angeles Clippers,12,Fresno State,2010 Rnd 1 Pick 10,United States
149,67,Taj Gibson,F,6-9,232,37,Washington Wizards,13,USC,2009 Rnd 1 Pick 26,United States
150,3,Josh Giddey,G,6-8,216,20,Oklahoma City Thunder,1,Adelaide (Australia),2021 Rnd 1 Pick 6,Australia
151,2,Shai Gilgeous-Alexander,PG,6-6,195,24,Oklahoma City Thunder,4,Kentucky,2018 Rnd 1 Pick 11,Canada
152,16,Anthony Gill,PF,6-8,230,30,Washington Wizards,2,Virginia,"2016 NBA Draft, Undrafted",United States
153,21,Collin Gillespie,PG,6-3,190,24,Denver Nuggets,0,Villanova,"2022 NBA Draft, Undrafted",United States
154,0,Jacob Gilyard,PG,5-9,160,24,Memphis Grizzlies,0,Richmond,"2022 NBA Draft, Undrafted",United States
155,27,Rudy Gobert,C,7-1,256,30,Minnesota Timberwolves,9,Cholet Basket (France),2013 Rnd 1 Pick 27,France
156,7,Jordan Goodwin,SG,6-3,200,24,Washington Wizards,1,Saint Louis,"2021 NBA Draft, Undrafted",United States
157,50,Aaron Gordon,F,6-8,235,27,Denver Nuggets,8,Arizona,2014 Rnd 1 Pick 4,United States
158,10,Eric Gordon,G,6-3,215,34,Los Angeles Clippers,14,Indiana,2008 Rnd 1 Pick 7,United States
159,4,Devonte' Graham,PG,6-1,195,28,San Antonio Spurs,4,Kansas,2018 Rnd 2 Pick 4,United States
160,9,Jerami Grant,F,6-8,210,29,Portland Trail Blazers,8,Syracuse,2014 Rnd 2 Pick 9,United States
161,0,Raiquan Gray,PF,6-7,260,23,Brooklyn Nets,0,Florida State,2021 Rnd 2 Pick 29,United States
162,20,A.J. Green,PG,6-4,190,23,Milwaukee Bucks,0,Northern Iowa,"2022 NBA Draft, Undrafted",United States
163,14,Danny Green,SF,6-6,220,35,Cleveland Cavaliers,13,North Carolina,2009 Rnd 2 Pick 16,United States
164,23,Draymond Green,F,6-6,234,33,Golden State Warriors,10,Michigan State,2012 Rnd 2 Pick 5,United States
165,1,JaMychal Green,PF,6-8,227,32,Golden State Warriors,8,Alabama,"2012 NBA Draft, Undrafted",United States
166,4,Jalen Green,SG,6-6,178,21,Houston Rockets,1,NBA G League Ignite,2021 Rnd 1 Pick 2,United States
167,24,Javonte Green,G,6-5,205,29,Chicago Bulls,3,Radford,"2015 NBA Draft, Undrafted",United StatesMontenegro
168,32,Jeff Green,F,6-8,235,36,Denver Nuggets,14,Georgetown,2007 Rnd 1 Pick 5,United States
169,8,Josh Green,SG,6-6,210,22,Dallas Mavericks,2,Arizona,2020 Rnd 1 Pick 18,United StatesAustralia
170,91,Blake Griffin,PF,6-9,246,34,Boston Celtics,13,Oklahoma,2009 Rnd 1 Pick 1,United States
171,14,"A.J. Griffin, Jr.",SG,6-6,222,19,Atlanta Hawks,0,Duke,2022 Rnd 1 Pick 16,United States
172,6,Quentin Grimes,SG,6-5,205,22,New York Knicks,1,Houston,2021 Rnd 1 Pick 25,United States
173,28,Rui Hachimura,F,6-8,230,25,Los Angeles Lakers,3,Gonzaga,2019 Rnd 1 Pick 9,Japan
174,0,Tyrese Haliburton,PG,6-5,185,23,Indiana Pacers,2,Iowa State,2020 Rnd 1 Pick 12,United States
175,14,R.J. Hampton,G,6-6,190,22,Detroit Pistons,2,New Zealand (New Zealand),2020 Rnd 1 Pick 24,United States
176,11,Tim Hardaway Jr.,SG,6-5,205,31,Dallas Mavericks,9,Michigan,2013 Rnd 1 Pick 24,United States
177,1,James Harden,SG,6-5,220,33,Philadelphia Sixers,13,Arizona State,2009 Rnd 1 Pick 3,United States
178,3,Jaden Hardy,SG,6-4,198,20,Dallas Mavericks,0,NBA G League Ignite,2022 Rnd 2 Pick 7,United States
179,8,Ron Harper,G,6-6,245,23,Toronto Raptors,0,Rutgers,"2022 NBA Draft, Undrafted",United States
180,5,Montrezl Harrell,F,6-7,240,29,Philadelphia Sixers,7,Louisville,2015 Rnd 2 Pick 2,United States
181,14,Gary Harris,SG,6-4,210,28,Orlando Magic,8,Michigan State,2014 Rnd 1 Pick 19,United States
182,12,Joe Harris,SG,6-6,215,31,Brooklyn Nets,8,Virginia,2014 Rnd 2 Pick 3,United States
183,7,Kevon Harris,SF,6-6,220,25,Orlando Magic,0,Stephen F. Austin,"2020 NBA Draft, Undrafted",United States
184,33,Tobias Harris,F,6-7,230,30,Philadelphia Sixers,11,Tennessee,2011 Rnd 1 Pick 19,United States
185,0,Shaquille Harrison,G,6-3,195,29,Los Angeles Lakers,5,Tulsa,"2016 NBA Draft, Undrafted",United States
186,3,Josh Hart,SG,6-5,215,28,New York Knicks,5,Villanova,2017 Rnd 1 Pick 30,United States
187,55,Isaiah Hartenstein,PF,7-0,250,24,New York Knicks,4,Zalgiris (Lithuania),2017 Rnd 2 Pick 13,United StatesGermany
188,40,Udonis Haslem,FC,6-8,235,42,Miami Heat,19,Florida,"2002 NBA Draft, Undrafted",United States
189,30,Sam Hauser,SF,6-8,215,25,Boston Celtics,1,Virginia,"2021 NBA Draft, Undrafted",United States
190,10,Jaxson Hayes,PF,6-11,220,22,New Orleans Pelicans,3,Texas,2019 Rnd 1 Pick 8,United States
191,7,Killian Hayes,G,6-5,216,21,Detroit Pistons,2,Ratiopharm Ulm (Germany),2020 Rnd 1 Pick 7,FranceUnited States
192,20,Gordon Hayward,GF,6-7,225,33,Charlotte Hornets,12,Butler,2010 Rnd 1 Pick 9,United States
193,9,Willy Hernangomez,C,6-11,250,28,New Orleans Pelicans,6,Cajasol Seville U18 (Spain),2015 Rnd 2 Pick 5,Spain
194,14,Tyler Herro,SG,6-6,195,23,Miami Heat,3,Kentucky,2019 Rnd 1 Pick 13,United States
195,24,Buddy Hield,G,6-4,220,30,Indiana Pacers,6,Oklahoma,2016 Rnd 1 Pick 6,Bahamas
196,24,Haywood Highsmith,F,6-7,220,26,Miami Heat,2,Wheeling Jesuit,"2018 NBA Draft, Undrafted",United States
197,7,George Hill,G,6-3,188,36,Indiana Pacers,14,IUPUI,2008 Rnd 1 Pick 26,United States
198,3,Aaron Holiday,PG,6-0,185,26,Atlanta Hawks,4,UCLA,2018 Rnd 1 Pick 23,United States
199,21,Jrue Holiday,G,6-4,205,32,Milwaukee Bucks,13,UCLA,2009 Rnd 1 Pick 17,United States
200,0,Justin Holiday,SF,6-6,181,34,Dallas Mavericks,9,Washington,"2011 NBA Draft, Undrafted",United States
201,22,Richaun Holmes,F,6-10,240,29,Sacramento Kings,7,Bowling Green,2015 Rnd 2 Pick 7,United States
202,7,Chet Holmgren,C,7-1,195,20,Oklahoma City Thunder,0,Gonzaga,2022 Rnd 1 Pick 2,United States
203,42,Al Horford,FC,6-9,240,36,Boston Celtics,15,Florida,2007 Rnd 1 Pick 3,Dominican RepublicUnited States
204,0,Talen Horton-Tucker,SF,6-4,233,22,Utah Jazz,3,Iowa State,2019 Rnd 2 Pick 16,United States
205,25,Danuel House,F,6-6,215,29,Philadelphia Sixers,6,Texas A&M,"2016 NBA Draft, Undrafted",United States
206,2,Caleb Houstan,SF,6-8,210,20,Orlando Magic,0,Michigan,2022 Rnd 2 Pick 2,Canada
207,12,Trevor Hudgins,G,6-0,180,24,Houston Rockets,0,Northwest Missouri State,"2022 NBA Draft, Undrafted",United States
208,9,Kevin Huerter,SF,6-7,190,24,Sacramento Kings,4,Maryland,2018 Rnd 1 Pick 19,United States
209,30,James Huff,C,7-1,240,24,Washington Wizards,1,Virginia,"2021 NBA Draft, Undrafted",United States
210,12,De'Andre Hunter,PF,6-7,225,25,Atlanta Hawks,3,Virginia,2019 Rnd 1 Pick 4,United States
211,5,Bones Hyland,G,6-3,173,22,Los Angeles Clippers,1,VCU,2021 Rnd 1 Pick 26,United States
212,9,Andre Iguodala,SF,6-6,215,39,Golden State Warriors,18,Arizona,2004 Rnd 1 Pick 9,United States
213,7,Joe Ingles,F,6-8,226,35,Milwaukee Bucks,8,Melbourne South (Australia),"2009 NBA Draft, Undrafted",Australia
214,14,Brandon Ingram,SF,6-7,190,25,New Orleans Pelicans,6,Duke,2016 Rnd 1 Pick 2,United States
215,2,Kyrie Irving,G,6-2,191,31,Dallas Mavericks,11,Duke,2011 Rnd 1 Pick 1,United StatesAustralia
216,1,Jonathan Isaac,SF,6-10,230,25,Orlando Magic,5,Florida State,2017 Rnd 1 Pick 6,United States
217,23,Jaden Ivey,G,6-4,200,21,Detroit Pistons,0,Purdue,2022 Rnd 1 Pick 5,United States
218,22,Isaiah Jackson,PF,6-10,206,21,Indiana Pacers,1,Kentucky,2021 Rnd 1 Pick 22,United States
219,13,"Jaren Jackson, Jr.",PF,6-11,242,23,Memphis Grizzlies,4,Michigan State,2018 Rnd 1 Pick 4,United States
220,29,Quenton Jackson,GF,6-5,173,24,Washington Wizards,0,Texas A&M,"2022 NBA Draft, Undrafted",United States
221,7,Reggie Jackson,G,6-2,208,33,Denver Nuggets,11,Boston College,2011 Rnd 1 Pick 24,ItalyUnited States
222,6,LeBron James,F,6-8,250,38,Los Angeles Lakers,19,St. Vincent St. Mary High School (Ohio),2003 Rnd 1 Pick 1,United States
223,8,DaQuan Jeffries,SF,6-5,225,25,New York Knicks,3,Tulsa,"2019 NBA Draft, Undrafted",United States
224,10,Ty Jerome,PG,6-5,195,25,Golden State Warriors,3,Virginia,2019 Rnd 1 Pick 24,United States
225,11,Isaiah Joe,SG,6-3,174,23,Oklahoma City Thunder,2,Arkansas,2020 Rnd 2 Pick 19,United States
226,2,Cameron Johnson,G,6-9,210,27,Brooklyn Nets,3,North Carolina,2019 Rnd 1 Pick 11,United States
227,1,Jalen Johnson,PF,6-9,220,21,Atlanta Hawks,1,Duke,2021 Rnd 1 Pick 20,United States
228,16,James Johnson,F,6-7,240,36,Indiana Pacers,13,Wake Forest,2009 Rnd 1 Pick 16,United States
229,3,Keldon Johnson,SF,6-6,210,23,San Antonio Spurs,3,Kentucky,2019 Rnd 1 Pick 29,United States
230,6,Keon Johnson,PG,6-4,185,21,Portland Trail Blazers,1,Tennessee,2021 Rnd 1 Pick 21,United States
231,15,Nikola Jokic,C,7-0,284,28,Denver Nuggets,7,KK Mega Bemax (Serbia),2014 Rnd 2 Pick 11,Serbia
232,22,Carlik Jones,PG,6-1,185,25,Chicago Bulls,1,Louisville,"2021 NBA Draft, Undrafted",United States
233,15,Damian Jones,PF,7-0,245,27,Utah Jazz,6,Vanderbilt,2016 Rnd 1 Pick 30,United States
234,5,Derrick Jones,SF,6-6,210,26,Chicago Bulls,6,UNLV,"2016 NBA Draft, Undrafted",United States
235,5,Herb Jones,SF,6-6,206,24,New Orleans Pelicans,1,Alabama,2021 Rnd 2 Pick 5,United States
236,23,Kai Jones,PF,6-10,221,22,Charlotte Hornets,1,Texas,2021 Rnd 1 Pick 19,Bahamas
237,33,Tre Jones,PG,6-2,185,23,San Antonio Spurs,2,Duke,2020 Rnd 2 Pick 11,United States
238,21,Tyus Jones,PG,6-1,196,26,Memphis Grizzlies,7,Duke,2015 Rnd 1 Pick 24,United States
239,6,DeAndre Jordan,C,6-11,265,34,Denver Nuggets,14,Texas A&M,2008 Rnd 2 Pick 5,United States
240,18,Cory Joseph,PG,6-3,200,31,Detroit Pistons,11,Texas,2011 Rnd 1 Pick 29,Canada
241,5,Nikola Jovic,F,6-11,223,19,Miami Heat,0,KK Mega Bemax (Serbia),2022 Rnd 1 Pick 27,Serbia
242,33,Johnny Juzang,SG,6-7,215,22,Utah Jazz,0,UCLA,"2022 NBA Draft, Undrafted",United States
243,28,Mfiondu Kabengele,SF,6-10,250,25,Boston Celtics,2,Florida State,2019 Rnd 1 Pick 27,Canada
244,33,Frank Kaminsky,F,7-0,242,30,Houston Rockets,7,Wisconsin,2015 Rnd 1 Pick 9,United States
245,0,Trevor Keels,PG,6-4,221,19,New York Knicks,0,Duke,2022 Rnd 2 Pick 12,United States
246,10,Luke Kennard,SG,6-5,206,26,Memphis Grizzlies,5,Duke,2017 Rnd 1 Pick 12,United States
247,24,Walker Kessler,C,7-1,245,21,Utah Jazz,0,Auburn,2022 Rnd 1 Pick 22,United States
248,7,Louis King,SF,6-7,205,24,Philadelphia Sixers,3,Oregon,"2019 NBA Draft, Undrafted",United States
249,24,Corey Kispert,SF,6-7,220,24,Washington Wizards,1,Gonzaga,2021 Rnd 1 Pick 15,United States
250,42,Maxi Kleber,PF,6-10,240,31,Dallas Mavericks,5,s.Oliver Baskets (Germany),"2014 NBA Draft, Undrafted",Germany
251,13,Nathan Knight,PF,6-8,244,25,Minnesota Timberwolves,2,William & Mary,"2020 NBA Draft, Undrafted",United States
252,11,Kevin Knox,SF,6-7,215,23,Portland Trail Blazers,4,Kentucky,2018 Rnd 1 Pick 9,United States
253,35,Christian Koloko,C,7-1,230,22,Toronto Raptors,0,Arizona,2022 Rnd 2 Pick 3,Cameroon
254,46,John Konchar,G,6-5,210,27,Memphis Grizzlies,3,Fort Wayne,"2019 NBA Draft, Undrafted",United States
255,30,Furkan Korkmaz,SG,6-7,210,25,Philadelphia Sixers,5,Anadolu Efes (Turkey),2016 Rnd 1 Pick 26,Turkey
256,40,Luke Kornet,F,7-2,252,27,Boston Celtics,5,Vanderbilt,"2017 NBA Draft, Undrafted",United States
257,27,Vit Krejci,PG,6-8,195,22,Atlanta Hawks,1,Zaragoza U18 (Spain),2020 Rnd 2 Pick 7,Czech Republic
258,0,Jonathan Kuminga,F,6-7,227,20,Golden State Warriors,1,NBA G League Ignite,2021 Rnd 1 Pick 7,Democratic Republic of the Congo
259,33,Kyle Kuzma,F,6-10,221,27,Washington Wizards,5,Utah,2017 Rnd 1 Pick 27,United States
260,3,Jake LaRavia,F,6-7,235,21,Memphis Grizzlies,0,Wake Forest,2022 Rnd 1 Pick 19,United States
261,8,Zach LaVine,SG,6-5,200,28,Chicago Bulls,8,UCLA,2014 Rnd 1 Pick 13,United States
262,40,Anthony Lamb,PF,6-6,225,25,Golden State Warriors,2,Vermont,"2020 NBA Draft, Undrafted",United States
263,11,Jock Landale,C,6-11,255,27,Phoenix Suns,1,Saint Mary's,"2018 NBA Draft, Undrafted",Australia
264,35,Romeo Langford,SG,6-5,215,23,San Antonio Spurs,3,Indiana,2019 Rnd 1 Pick 14,United States
265,9,A.J. Lawson,F,6-6,179,22,Dallas Mavericks,0,South Carolina,"2021 NBA Draft, Undrafted",Canada
266,3,Caris LeVert,G,6-6,205,28,Cleveland Cavaliers,6,Michigan,2016 Rnd 1 Pick 20,United States
267,10,Damion Lee,G,6-5,203,30,Phoenix Suns,5,Louisville,"2016 NBA Draft, Undrafted",United States
268,9,Saben Lee,PG,6-2,183,23,Phoenix Suns,2,Vanderbilt,2020 Rnd 2 Pick 8,United States
269,25,Alex Len,C,7-0,250,29,Sacramento Kings,9,Maryland,2013 Rnd 1 Pick 5,Ukraine
270,2,Kawhi Leonard,F,6-7,225,31,Los Angeles Clippers,11,San Diego State,2011 Rnd 1 Pick 15,United States
271,3,Meyers Leonard,C,7-1,255,31,Milwaukee Bucks,9,Illinois,2012 Rnd 1 Pick 11,United States
272,13,"Kira Lewis, Jr.",PG,6-1,170,22,New Orleans Pelicans,2,Alabama,2020 Rnd 1 Pick 13,United States
273,34,Justin Lewis,F,6-7,245,22,Chicago Bulls,0,Marquette,"2022 NBA Draft, Undrafted",United States
274,32,E.J. Liddell,PF,6-7,240,23,New Orleans Pelicans,0,Ohio State,2022 Rnd 2 Pick 11,United States
275,0,Damian Lillard,G,6-2,200,32,Portland Trail Blazers,10,Weber State,2012 Rnd 1 Pick 6,United States
276,10,Nassir Little,SF,6-5,220,23,Portland Trail Blazers,3,North Carolina,2019 Rnd 1 Pick 25,United States
277,12,Isaiah Livers,PF,6-7,230,24,Detroit Pistons,1,Michigan,2021 Rnd 2 Pick 12,United States
278,6,"Kenny Lofton, Jr.",F,6-8,275,20,Memphis Grizzlies,0,Louisiana Tech,"2022 NBA Draft, Undrafted",United States
279,5,Kevon Looney,PF,6-9,249,27,Golden State Warriors,7,UCLA,2015 Rnd 1 Pick 30,United States
280,11,Brook Lopez,C,7-0,270,35,Milwaukee Bucks,14,Stanford,2008 Rnd 1 Pick 10,United States
281,33,Robin Lopez,FC,7-0,275,35,Cleveland Cavaliers,14,Stanford,2008 Rnd 1 Pick 15,United States
282,42,Kevin Love,FC,6-8,247,34,Miami Heat,14,UCLA,2008 Rnd 1 Pick 5,United States
283,7,Kyle Lowry,PG,6-1,196,37,Miami Heat,16,Villanova,2006 Rnd 1 Pick 24,United States
284,41,Trey Lyles,SF,6-9,234,27,Sacramento Kings,7,Kentucky,2015 Rnd 1 Pick 12,CanadaUnited States
285,9,Theo Maledon,PG,6-5,190,21,Charlotte Hornets,2,ASVEL Basket (France),2020 Rnd 2 Pick 4,France
286,54,Sandro Mamukelashvili,F,6-11,245,23,San Antonio Spurs,1,Seton Hall,2021 Rnd 2 Pick 24,Georgia
287,14,Terance Mann,SG,6-5,215,26,Los Angeles Clippers,3,Florida State,2019 Rnd 2 Pick 18,United States
288,23,Tre Mann,PG,6-5,190,22,Oklahoma City Thunder,1,Florida,2021 Rnd 1 Pick 18,United States
289,51,Boban Marjanovic,C,7-4,290,34,Houston Rockets,7,KK Vrsac Swisslion (Serbia),"2010 NBA Draft, Undrafted",Serbia
290,23,Lauri Markkanen,SF,7-0,238,25,Utah Jazz,5,Arizona,2017 Rnd 1 Pick 7,Finland
291,8,Naji Marshall,SF,6-7,220,25,New Orleans Pelicans,2,Xavier,"2020 NBA Draft, Undrafted",United States
292,16,Caleb Martin,F,6-7,205,27,Miami Heat,3,Nevada,"2019 NBA Draft, Undrafted",United States
293,11,Cody Martin,F,6-6,205,27,Charlotte Hornets,3,Nevada,2019 Rnd 2 Pick 6,United States
294,6,K.J. Martin,F,6-7,215,22,Houston Rockets,2,IMG Academy (Florida),2020 Rnd 2 Pick 22,United States
295,22,Tyrese Martin,GF,6-6,215,24,Atlanta Hawks,0,Connecticut,2022 Rnd 2 Pick 21,United States
296,25,Garrison Mathews,SG,6-5,215,26,Atlanta Hawks,3,Lipscomb,"2019 NBA Draft, Undrafted",United States
297,0,Bennedict Mathurin,GF,6-6,195,20,Indiana Pacers,0,Arizona,2022 Rnd 1 Pick 6,CanadaHaiti
298,23,Wesley Matthews,G,6-5,220,36,Milwaukee Bucks,13,Marquette,"2009 NBA Draft, Undrafted",United States
299,0,Tyrese Maxey,PG,6-2,195,22,Philadelphia Sixers,2,Kentucky,2020 Rnd 1 Pick 21,United States
300,2,Miles McBride,G,6-2,196,22,New York Knicks,1,West Virginia,2021 Rnd 2 Pick 6,United States
301,9,Mac McClung,PG,6-2,185,24,Philadelphia Sixers,1,Texas Tech,"2021 NBA Draft, Undrafted",United States
302,3,C.J. McCollum,G,6-3,200,31,New Orleans Pelicans,9,Lehigh,2013 Rnd 1 Pick 10,United States
303,9,T.J. McConnell,G,6-2,190,31,Indiana Pacers,7,Arizona,"2015 NBA Draft, Undrafted",United States
304,3,Jaden McDaniels,F,6-10,185,22,Minnesota Timberwolves,2,Washington,2020 Rnd 1 Pick 28,United States
305,7,Jalen McDaniels,PF,6-9,205,25,Philadelphia Sixers,3,San Diego State,2019 Rnd 2 Pick 22,United States
306,17,Doug McDermott,F,6-8,225,31,San Antonio Spurs,8,Creighton,2014 Rnd 1 Pick 11,United States
307,0,JaVale McGee,C,7-0,270,35,Dallas Mavericks,14,Nevada,2008 Rnd 1 Pick 18,United States
308,7,Bryce McGowens,GF,6-6,175,20,Charlotte Hornets,0,Nebraska,2022 Rnd 2 Pick 10,United States
309,17,Rodney McGruder,SG,6-4,205,31,Detroit Pistons,6,Kansas State,"2013 NBA Draft, Undrafted",United States
310,6,Jordan McLaughlin,G,5-11,185,27,Minnesota Timberwolves,3,USC,"2018 NBA Draft, Undrafted",United States
311,8,De'Anthony Melton,SG,6-2,200,24,Philadelphia Sixers,4,USC,2018 Rnd 2 Pick 16,United States
312,20,Sam Merrill,G,6-4,205,26,Cleveland Cavaliers,2,Utah State,2020 Rnd 2 Pick 30,United States
313,19,Chimezie Metu,PF,6-9,225,26,Sacramento Kings,4,USC,2018 Rnd 2 Pick 19,United StatesNigeria
314,22,Khris Middleton,SF,6-8,222,31,Milwaukee Bucks,10,Texas A&M,2012 Rnd 2 Pick 9,United States
315,8,Patty Mills,G,6-0,180,34,Brooklyn Nets,13,Saint Mary's,2009 Rnd 2 Pick 25,Australia
316,18,Shake Milton,SG,6-5,215,26,Philadelphia Sixers,4,Southern Methodist,2018 Rnd 2 Pick 24,United States
317,8,Josh Minott,F,6-8,197,20,Minnesota Timberwolves,0,Memphis,2022 Rnd 2 Pick 15,United States
318,15,Davion Mitchell,PG,6-2,205,24,Sacramento Kings,1,Baylor,2021 Rnd 1 Pick 9,United States
319,45,Donovan Mitchell,SG,6-3,215,26,Cleveland Cavaliers,5,Louisville,2017 Rnd 1 Pick 13,United States
320,4,Evan Mobley,PF,7-0,215,21,Cleveland Cavaliers,1,USC,2021 Rnd 1 Pick 3,United States
321,15,Isaiah Mobley,SF,6-10,240,23,Cleveland Cavaliers,0,USC,2022 Rnd 2 Pick 19,United States
322,0,Malik Monk,SG,6-3,200,25,Sacramento Kings,5,Kentucky,2017 Rnd 1 Pick 11,United States
323,4,Moses Moody,SG,6-5,210,20,Golden State Warriors,1,Arkansas,2021 Rnd 1 Pick 14,United States
324,15,Xavier Moon,SG,6-2,165,28,Los Angeles Clippers,1,Morehead State,"2017 NBA Draft, Undrafted",United States
325,7,"Wendell Moore, Jr.",SF,6-5,213,21,Minnesota Timberwolves,0,Duke,2022 Rnd 1 Pick 26,United States
326,12,Ja Morant,G,6-3,175,23,Memphis Grizzlies,3,Murray State,2019 Rnd 1 Pick 2,United States
327,8,Marcus Morris,F,6-8,218,33,Los Angeles Clippers,11,Kansas,2011 Rnd 1 Pick 14,United States
328,13,Markieff Morris,PF,6-9,250,33,Dallas Mavericks,11,Kansas,2011 Rnd 1 Pick 13,United States
329,22,Monte Morris,G,6-2,183,27,Washington Wizards,5,Iowa State,2017 Rnd 2 Pick 21,United StatesNigeria
330,25,Trey Murphy III,G,6-8,208,22,New Orleans Pelicans,1,Virginia,2021 Rnd 1 Pick 17,United States
331,5,Dejounte Murray,SG,6-5,180,26,Atlanta Hawks,6,Washington,2016 Rnd 1 Pick 29,United States
332,27,Jamal Murray,SG,6-4,215,26,Denver Nuggets,6,Kentucky,2016 Rnd 1 Pick 7,Canada
333,13,Keegan Murray,F,6-8,215,22,Sacramento Kings,0,Iowa,2022 Rnd 1 Pick 4,United States
334,57,Mike Muscala,FC,6-11,240,31,Boston Celtics,9,Bucknell,2013 Rnd 2 Pick 14,United States
335,10,Svi Mykhailiuk,SF,6-8,205,25,Charlotte Hornets,4,Kansas,2018 Rnd 2 Pick 17,Ukraine
336,22,"Larry Nance, Jr.",SF,6-7,245,30,New Orleans Pelicans,7,Wyoming,2015 Rnd 1 Pick 27,United States
337,2,Andrew Nembhard,PG,6-5,193,23,Indiana Pacers,0,Gonzaga,2022 Rnd 2 Pick 1,Canada
338,23,Aaron Nesmith,F,6-6,213,23,Indiana Pacers,2,Vanderbilt,2020 Rnd 1 Pick 14,United States
339,19,Raulzinho Neto,PG,6-1,179,30,Cleveland Cavaliers,7,Acunsa GBC (Spain),2013 Rnd 2 Pick 17,Brazil
340,20,Georges Niang,F,6-7,235,29,Philadelphia Sixers,6,Iowa State,2016 Rnd 2 Pick 20,United States
341,15,Daishen Nix,GF,6-5,224,21,Houston Rockets,1,NBA G League Ignite,"2021 NBA Draft, Undrafted",United States
342,22,Zeke Nnaji,PF,6-11,240,22,Denver Nuggets,2,Arizona,2020 Rnd 1 Pick 22,United States
343,4,Jaylen Nowell,SG,6-4,197,23,Minnesota Timberwolves,3,Washington,2019 Rnd 2 Pick 13,United States
344,21,Frank Ntilikina,PG,6-5,200,24,Dallas Mavericks,5,Strasbourg IG (France),2017 Rnd 1 Pick 8,BelgiumFrance
345,20,Kendrick Nunn,SG,6-3,195,27,Washington Wizards,4,Oakland,"2018 NBA Draft, Undrafted",United States
346,27,Jusuf Nurkic,FC,7-0,290,28,Portland Trail Blazers,8,Cedevita (Croatia),2014 Rnd 1 Pick 16,Bosnia and Herzegovina
347,13,Jordan Nwora,F,6-8,226,24,Indiana Pacers,2,Louisville,2020 Rnd 2 Pick 15,United StatesNigeria
348,0,Royce O'Neale,SF,6-6,220,29,Brooklyn Nets,5,Baylor,"2015 NBA Draft, Undrafted",United States
349,3,Chuma Okeke,PF,6-8,230,24,Orlando Magic,2,Auburn,2019 Rnd 1 Pick 16,United States
350,2,Josh Okogie,SG,6-4,220,24,Phoenix Suns,4,Georgia Tech,2018 Rnd 1 Pick 20,NigeriaUnited States
351,17,Onyeka Okongwu,PF,6-9,245,22,Atlanta Hawks,2,USC,2020 Rnd 1 Pick 6,United States
352,35,Isaac Okoro,SG,6-5,225,22,Cleveland Cavaliers,2,Auburn,2020 Rnd 1 Pick 5,United States
353,4,Victor Oladipo,G,6-4,210,30,Miami Heat,9,Indiana,2013 Rnd 1 Pick 2,United States
354,41,Kelly Olynyk,C,6-11,240,32,Utah Jazz,9,Gonzaga,2013 Rnd 1 Pick 13,Canada
355,97,Eugene Omoruyi,F,6-6,235,26,Detroit Pistons,1,Oregon,"2021 NBA Draft, Undrafted",Canada
356,16,Cedi Osman,GF,6-7,230,28,Cleveland Cavaliers,5,Anadolu Efes (Turkey),2015 Rnd 2 Pick 1,North MacedoniaTurkey
357,12,"Kelly Oubre, Jr.",SF,6-6,203,27,Charlotte Hornets,7,Kansas,2015 Rnd 1 Pick 15,United States
358,3,Chris Paul,PG,6-0,175,37,Phoenix Suns,17,Wake Forest,2005 Rnd 1 Pick 4,United States
359,15,Cameron Payne,G,6-3,190,28,Phoenix Suns,7,Murray State,2015 Rnd 1 Pick 14,United States
360,8,Gary Payton II,G,6-3,195,30,Golden State Warriors,6,Oregon State,"2016 NBA Draft, Undrafted",United States
361,1,Theo Pinson,SG,6-5,212,27,Dallas Mavericks,4,North Carolina,"2018 NBA Draft, Undrafted",United States
362,1,"Scotty Pippen, Jr.",G,6-3,185,22,Los Angeles Lakers,0,Vanderbilt,"2022 NBA Draft, Undrafted",United States
363,44,Mason Plumlee,PF,6-11,254,33,Los Angeles Clippers,9,Duke,2013 Rnd 1 Pick 22,United States
364,19,Jakob Poeltl,C,7-0,240,27,Toronto Raptors,6,Utah,2016 Rnd 1 Pick 9,Austria
365,17,Aleksej Pokusevski,C,7-0,210,21,Oklahoma City Thunder,2,Olympiacos U18 (Greece),2020 Rnd 1 Pick 17,Serbia
366,3,Jordan Poole,SG,6-4,192,23,Golden State Warriors,3,Michigan,2019 Rnd 1 Pick 28,United States
367,3,"Kevin Porter, Jr.",SF,6-4,203,22,Houston Rockets,3,USC,2019 Rnd 1 Pick 30,United States
368,1,"Michael Porter, Jr.",PF,6-10,218,24,Denver Nuggets,4,Missouri,2018 Rnd 1 Pick 14,United States
369,32,Otto Porter,SF,6-8,228,29,Toronto Raptors,9,Georgetown,2013 Rnd 1 Pick 3,United States
370,1,Bobby Portis,PF,6-11,250,28,Milwaukee Bucks,7,Arkansas,2015 Rnd 1 Pick 22,United States
371,6,Kristaps Porzingis,FC,7-3,240,27,Washington Wizards,7,Coosur Real Betis (Spain),2015 Rnd 1 Pick 4,Latvia
372,25,Micah Potter,C,6-10,250,25,Utah Jazz,1,Wisconsin,"2021 NBA Draft, Undrafted",United States
373,7,Dwight Powell,PF,6-10,240,31,Dallas Mavericks,8,Stanford,2014 Rnd 2 Pick 15,Canada
374,24,Norman Powell,SG,6-3,215,29,Los Angeles Clippers,7,UCLA,2015 Rnd 2 Pick 16,United States
375,1,Jason Preston,G,6-3,181,23,Los Angeles Clippers,1,Ohio,2021 Rnd 2 Pick 3,United States
376,12,Taurean Prince,F,6-7,218,29,Minnesota Timberwolves,6,Baylor,2016 Rnd 1 Pick 12,United States
377,11,Payton Pritchard,PG,6-2,190,25,Boston Celtics,2,Oregon,2020 Rnd 1 Pick 26,United States
378,88,Neemias Queta,C,7-0,245,23,Sacramento Kings,1,Utah State,2021 Rnd 2 Pick 9,Portugal
379,5,Immanuel Quickley,PG,6-3,188,23,New York Knicks,2,Kentucky,2020 Rnd 1 Pick 25,United States
380,25,Lester Quinones,SG,6-4,208,22,Golden State Warriors,0,Memphis,"2022 NBA Draft, Undrafted",United StatesDominican Republic
381,30,Julius Randle,PF,6-9,250,28,New York Knicks,8,Kentucky,2014 Rnd 1 Pick 7,United States
382,15,Austin Reaves,PG,6-5,206,24,Los Angeles Lakers,1,Oklahoma,"2021 NBA Draft, Undrafted",United States
383,5,Cam Reddish,G,6-8,218,23,Portland Trail Blazers,3,Duke,2019 Rnd 1 Pick 10,United States
384,44,"Paul Reed, Jr.",F,6-8,218,23,Philadelphia Sixers,2,DePaul,2020 Rnd 2 Pick 28,United States
385,11,Naz Reid,C,6-9,250,23,Minnesota Timberwolves,3,LSU,"2019 NBA Draft, Undrafted",United States
386,42,Jared Rhoden,SG,6-6,210,23,Detroit Pistons,0,Seton Hall,"2022 NBA Draft, Undrafted",United States
387,14,Nick Richards,C,7-0,245,25,Charlotte Hornets,2,Kentucky,2020 Rnd 2 Pick 12,Jamaica
388,2,Josh Richardson,G,6-5,200,29,New Orleans Pelicans,7,Tennessee,2015 Rnd 2 Pick 10,United States
389,25,Austin Rivers,SG,6-4,200,30,Minnesota Timberwolves,10,Duke,2012 Rnd 1 Pick 10,United States
390,55,Duncan Robinson,F,6-8,210,29,Miami Heat,4,Michigan,"2018 NBA Draft, Undrafted",United States
391,23,Mitchell Robinson,C,7-1,240,25,New York Knicks,4,,2018 Rnd 2 Pick 6,United States
392,25,Orlando Robinson,PF,7-0,244,22,Miami Heat,0,Fresno State,"2022 NBA Draft, Undrafted",United States
393,50,Jeremiah Robinson-Earl,PF,6-9,240,22,Oklahoma City Thunder,1,Villanova,2021 Rnd 2 Pick 2,United States
394,18,Isaiah Roby,SF,6-8,230,25,New York Knicks,3,Nebraska,2019 Rnd 2 Pick 15,United States
395,27,David Roddy,F,6-5,255,22,Memphis Grizzlies,0,Colorado State,2022 Rnd 1 Pick 23,United States
396,2,Ryan Rollins,G,6-4,180,20,Golden State Warriors,0,Toledo,2022 Rnd 2 Pick 14,United States
397,4,Derrick Rose,PG,6-3,200,34,New York Knicks,14,Memphis,2008 Rnd 1 Pick 1,United States
398,8,Terrence Ross,SF,6-7,205,32,Phoenix Suns,10,Washington,2012 Rnd 1 Pick 8,United States
399,3,Terry Rozier,G,6-1,190,29,Charlotte Hornets,7,Louisville,2015 Rnd 1 Pick 16,United States
400,13,Ricky Rubio,G,6-3,190,32,Cleveland Cavaliers,11,Joventut Badalona (Spain),2009 Rnd 1 Pick 5,Spain
401,1,D'Angelo Russell,SG,6-4,193,27,Los Angeles Lakers,7,Ohio State,2015 Rnd 1 Pick 2,United States
402,37,Matt Ryan,SF,6-7,215,26,Minnesota Timberwolves,1,Chattanooga,"2020 NBA Draft, Undrafted",United States
403,10,Domantas Sabonis,PF,6-11,240,26,Sacramento Kings,6,Gonzaga,2016 Rnd 1 Pick 11,United StatesLithuania
404,91,Luka Samanic,PF,6-10,227,23,Utah Jazz,3,Union Olimpija (Slovenia),2019 Rnd 1 Pick 19,Croatia
405,9,Dario Saric,SF,6-10,250,29,Oklahoma City Thunder,6,KK Cibona (Croatia),2014 Rnd 1 Pick 12,Croatia
406,30,Olivier Sarr,FC,7-0,240,24,Oklahoma City Thunder,1,Kentucky,"2021 NBA Draft, Undrafted",France
407,25,Admiral Schofield,SF,6-5,240,26,Orlando Magic,2,Tennessee,2019 Rnd 2 Pick 12,United States
408,17,Dennis Schroder,PG,6-3,172,29,Los Angeles Lakers,9,Basketball Lowen Braunschweig (Germany),2013 Rnd 1 Pick 17,Germany
409,0,Jay Scrubb,SG,6-5,220,22,Orlando Magic,2,John A. Logan,2020 Rnd 2 Pick 25,United States
410,0,Dereon Seabron,SG,6-7,180,24,New Orleans Pelicans,0,NC State,"2022 NBA Draft, Undrafted",United States
411,28,Alperen Sengun,C,6-9,235,20,Houston Rockets,1,Besiktas Icrypex (Turkey),2021 Rnd 1 Pick 16,Turkey
412,2,Collin Sexton,PG,6-1,192,24,Utah Jazz,4,Alabama,2018 Rnd 1 Pick 8,United States
413,14,Landry Shamet,PG,6-4,190,26,Phoenix Suns,4,Wichita State,2018 Rnd 1 Pick 26,United States
414,20,Day'Ron Sharpe,PF,6-9,255,21,Brooklyn Nets,1,North Carolina,2021 Rnd 1 Pick 29,United States
415,17,Shaedon Sharpe,F,6-6,200,19,Portland Trail Blazers,0,Kentucky,2022 Rnd 1 Pick 7,Canada
416,43,Pascal Siakam,F,6-8,240,29,Toronto Raptors,6,New Mexico State,2016 Rnd 1 Pick 27,Cameroon
417,10,Ben Simmons,PF,6-10,240,26,Brooklyn Nets,6,LSU,2016 Rnd 1 Pick 1,Australia
418,23,Kobi Simmons,PG,6-5,166,25,Charlotte Hornets,3,Arizona,"2017 NBA Draft, Undrafted",United States
419,19,Marko Simonovic,C,7-0,220,23,Chicago Bulls,1,KK Mega Bemax (Serbia),2020 Rnd 2 Pick 14,Montenegro
420,1,Anfernee Simons,SG,6-3,195,23,Portland Trail Blazers,4,IMG Academy (Florida),2018 Rnd 1 Pick 24,United States
421,45,Jericho Sims,C,6-10,240,24,New York Knicks,1,Texas,2021 Rnd 2 Pick 28,United States
422,36,Marcus Smart,PG,6-3,220,29,Boston Celtics,8,Oklahoma State,2014 Rnd 1 Pick 6,United States
423,8,Dennis Smith,PG,6-2,205,25,Charlotte Hornets,5,NC State,2017 Rnd 1 Pick 9,United States
424,9,Dru Smith,SG,6-3,200,25,Brooklyn Nets,0,Missouri,"2021 NBA Draft, Undrafted",United States
425,14,Ish Smith,PG,6-0,175,34,Denver Nuggets,12,Wake Forest,"2010 NBA Draft, Undrafted",United States
426,25,Jalen Smith,C,6-10,215,23,Indiana Pacers,2,Maryland,2020 Rnd 1 Pick 10,United States
427,1,"Jabari Smith, Jr.",F,6-10,220,19,Houston Rockets,0,Auburn,2022 Rnd 1 Pick 3,United States
428,31,Xavier Sneed,SF,6-5,215,25,Charlotte Hornets,1,Kansas State,"2020 NBA Draft, Undrafted",United States
429,10,Jeremy Sochan,SG,6-8,225,19,San Antonio Spurs,0,Baylor,2022 Rnd 1 Pick 9,United StatesPoland
430,11,Jaden Springer,SG,6-3,205,20,Philadelphia Sixers,1,Tennessee,2021 Rnd 1 Pick 28,United States
431,8,Lamar Stevens,SF,6-8,225,25,Cleveland Cavaliers,2,Penn State,"2020 NBA Draft, Undrafted",United States
432,28,Isaiah Stewart II,C,6-9,250,21,Detroit Pistons,2,Washington,2020 Rnd 1 Pick 16,United States
433,31,Max Strus,G,6-5,220,27,Miami Heat,3,DePaul,"2019 NBA Draft, Undrafted",United States
434,4,Jalen Suggs,SG,6-5,210,21,Orlando Magic,1,Gonzaga,2021 Rnd 1 Pick 5,United States
435,4,Edmond Sumner,G,6-4,185,27,Brooklyn Nets,4,Xavier,2017 Rnd 2 Pick 22,United States
436,20,Cole Swider,F,6-9,220,25,Los Angeles Lakers,0,Syracuse,"2022 NBA Draft, Undrafted",United States
437,8,Jae'sean Tate,F,6-4,230,27,Houston Rockets,2,Ohio State,"2018 NBA Draft, Undrafted",United States
438,0,Jayson Tatum,SF,6-8,210,25,Boston Celtics,5,Duke,2017 Rnd 1 Pick 3,United States
439,32,Terry Taylor,GF,6-5,230,23,Chicago Bulls,1,Austin Peay,"2021 NBA Draft, Undrafted",United States
440,41,Garrett Temple,G,6-5,195,36,New Orleans Pelicans,12,LSU,"2009 NBA Draft, Undrafted",United States
441,25,Dalen Terry,PG,6-7,195,20,Chicago Bulls,0,Arizona,2022 Rnd 1 Pick 18,United States
442,27,Daniel Theis,C,6-8,245,31,Indiana Pacers,5,Ratiopharm Ulm (Germany),"2013 NBA Draft, Undrafted",Germany
443,24,Cam Thomas,PG,6-3,208,21,Brooklyn Nets,1,LSU,2021 Rnd 1 Pick 27,United States
444,11,Klay Thompson,G,6-6,210,33,Golden State Warriors,11,Washington State,2011 Rnd 1 Pick 11,United States
445,9,Tristan Thompson,F,6-9,254,32,Los Angeles Lakers,11,Texas,2011 Rnd 1 Pick 4,Canada
446,21,J.T. Thor,PF,6-9,205,20,Charlotte Hornets,1,Auburn,2021 Rnd 2 Pick 7,United States
447,4,Matisse Thybulle,SF,6-5,205,26,Portland Trail Blazers,3,Washington,2019 Rnd 1 Pick 20,United StatesAustralia
448,2,"Xavier Tillman, Sr.",PF,6-8,245,24,Memphis Grizzlies,2,Michigan State,2020 Rnd 2 Pick 5,United States
449,14,Isaiah Todd,PF,6-10,210,21,Washington Wizards,1,NBA G League Ignite,2021 Rnd 2 Pick 1,United States
450,1,Obi Toppin,F,6-9,193,25,New York Knicks,2,Dayton,2020 Rnd 1 Pick 8,United States
451,95,Juan Toscano-Anderson,F,6-6,213,30,Utah Jazz,3,Marquette,"2015 NBA Draft, Undrafted",United StatesMexico
452,32,Karl-Anthony Towns,C,7-0,250,27,Minnesota Timberwolves,7,Kentucky,2015 Rnd 1 Pick 1,United StatesDominican Republic
453,33,"Gary Trent, Jr.",SG,6-5,205,24,Toronto Raptors,4,Duke,2018 Rnd 2 Pick 7,United States
454,17,P.J. Tucker,SF,6-6,245,37,Philadelphia Sixers,11,Texas,2006 Rnd 2 Pick 5,United States
455,33,Myles Turner,FC,6-11,250,27,Indiana Pacers,7,Texas,2015 Rnd 1 Pick 11,United States
456,17,Jonas Valanciunas,C,7-0,265,30,New Orleans Pelicans,10,Lietuvos Rytas (Lithuania),2011 Rnd 1 Pick 5,Lithuania
457,23,Fred VanVleet,G,6-0,200,29,Toronto Raptors,6,Wichita State,"2016 NBA Draft, Undrafted",United States
458,2,Jarred Vanderbilt,PF,6-8,214,24,Los Angeles Lakers,4,Kentucky,2018 Rnd 2 Pick 11,United States
459,24,Devin Vassell,SG,6-6,195,22,San Antonio Spurs,2,Florida State,2020 Rnd 1 Pick 11,United States
460,2,Gabe Vincent,G,6-3,195,26,Miami Heat,3,UC Santa Barbara,"2018 NBA Draft, Undrafted",United StatesNigeria
461,9,Nikola Vucevic,PF,6-11,260,32,Chicago Bulls,11,USC,2011 Rnd 1 Pick 16,SwitzerlandMontenegro
462,32,Dean Wade,PF,6-9,219,26,Cleveland Cavaliers,3,Kansas State,"2019 NBA Draft, Undrafted",United States
463,22,Franz Wagner,SF,6-10,225,21,Orlando Magic,1,Michigan,2021 Rnd 1 Pick 8,Germany
464,21,Moe Wagner,PF,6-11,240,25,Orlando Magic,4,Michigan,2018 Rnd 1 Pick 25,Germany
465,12,Ish Wainright,GF,6-5,235,28,Phoenix Suns,1,Baylor,"2017 NBA Draft, Undrafted",United StatesUganda
466,34,Jabari Walker,F,6-8,200,20,Portland Trail Blazers,0,Colorado,2022 Rnd 2 Pick 27,United States
467,4,Lonnie Walker,SG,6-5,205,24,Los Angeles Lakers,4,Miami (FL),2018 Rnd 1 Pick 18,United States
468,21,T.J. Warren,F,6-8,222,29,Phoenix Suns,8,NC State,2014 Rnd 1 Pick 14,United States
469,44,"Duane Washington, Jr.",G,6-3,210,23,New York Knicks,1,Ohio State,"2021 NBA Draft, Undrafted",United States
470,0,"TyTy Washington, Jr.",PG,6-3,197,21,Houston Rockets,0,Kentucky,2022 Rnd 1 Pick 29,United States
471,25,P.J. Washington,PF,6-7,230,24,Charlotte Hornets,3,Kentucky,2019 Rnd 1 Pick 12,United States
472,18,Yuta Watanabe,F,6-8,214,28,Brooklyn Nets,4,George Washington,"2018 NBA Draft, Undrafted",Japan
473,12,Lindy Waters III,SG,6-6,210,25,Oklahoma City Thunder,1,Oklahoma State,"2020 NBA Draft, Undrafted",United States
474,2,Trendon Watford,SF,6-8,237,22,Portland Trail Blazers,1,LSU,"2021 NBA Draft, Undrafted",United States
475,8,Peyton Watson,GF,6-8,200,20,Denver Nuggets,0,UCLA,2022 Rnd 1 Pick 30,United States
476,14,Blake Wesley,SG,6-5,185,20,San Antonio Spurs,0,Notre Dame,2022 Rnd 1 Pick 25,United States
477,0,Russell Westbrook,G,6-3,200,34,Los Angeles Clippers,14,UCLA,2008 Rnd 1 Pick 4,United States
478,0,Coby White,PG,6-4,195,23,Chicago Bulls,3,North Carolina,2019 Rnd 1 Pick 7,United States
479,9,Derrick White,G,6-4,195,28,Boston Celtics,5,Colorado,2017 Rnd 1 Pick 29,United States
480,10,Jack White,SF,6-7,222,25,Denver Nuggets,0,Duke,"2020 NBA Draft, Undrafted",Australia
481,15,Joe Wieskamp,SF,6-6,210,23,Toronto Raptors,1,Iowa,2021 Rnd 2 Pick 11,United States
482,21,Aaron Wiggins,F,6-6,200,24,Oklahoma City Thunder,1,Maryland,2021 Rnd 2 Pick 25,United States
483,22,Andrew Wiggins,F,6-7,203,28,Golden State Warriors,8,Kansas,2014 Rnd 1 Pick 1,Canada
484,28,Lindell Wigginton,SG,6-1,189,25,Milwaukee Bucks,1,Iowa State,"2019 NBA Draft, Undrafted",Canada
485,4,Donovan Williams,F,6-6,190,21,Atlanta Hawks,0,UNLV,"2022 NBA Draft, Undrafted",United States
486,12,Grant Williams,SF,6-6,236,24,Boston Celtics,3,Tennessee,2019 Rnd 1 Pick 22,United States
487,8,Jalen Williams,G,6-6,211,22,Oklahoma City Thunder,0,Santa Clara,2022 Rnd 1 Pick 12,United States
488,6,Jaylin Williams,C,6-10,240,20,Oklahoma City Thunder,0,Arkansas,2022 Rnd 2 Pick 4,United States
489,23,"Jeenathan Williams, Jr.",SG,6-5,206,24,Portland Trail Blazers,0,Buffalo,"2022 NBA Draft, Undrafted",United States
490,5,"Vincent Williams, Jr.",SF,6-6,205,23,Memphis Grizzlies,0,VCU,2022 Rnd 2 Pick 17,United States
491,34,Kenrich Williams,SF,6-7,210,28,Oklahoma City Thunder,4,Texas Christian,"2018 NBA Draft, Undrafted",United States
492,5,Mark Williams,C,7-1,242,21,Charlotte Hornets,0,Duke,2022 Rnd 1 Pick 15,United States
493,44,Patrick Williams,G,6-7,215,21,Chicago Bulls,2,Florida State,2020 Rnd 1 Pick 4,United States
494,44,Robert Williams,PF,6-8,240,25,Boston Celtics,4,Texas A&M,2018 Rnd 1 Pick 27,United States
495,8,Ziaire Williams,F,6-9,185,21,Memphis Grizzlies,1,Stanford,2021 Rnd 1 Pick 10,United States
496,1,Zion Williamson,PF,6-6,284,22,New Orleans Pelicans,3,Duke,2019 Rnd 1 Pick 1,United States
497,9,Dylan Windler,SF,6-6,199,26,Cleveland Cavaliers,3,Belmont,2019 Rnd 1 Pick 26,United States
498,26,Justise Winslow,SF,6-6,222,27,Portland Trail Blazers,7,Duke,2015 Rnd 1 Pick 10,United States
499,13,James Wiseman,C,7-0,258,22,Detroit Pistons,2,Memphis,2020 Rnd 1 Pick 2,United States
500,35,Christian Wood,PF,6-10,223,27,Dallas Mavericks,6,UNLV,"2015 NBA Draft, Undrafted",United States
501,23,McKinley Wright IV,PG,5-11,192,24,Dallas Mavericks,1,Colorado,"2021 NBA Draft, Undrafted",United States
502,55,Delon Wright,G,6-5,185,30,Washington Wizards,7,Utah,2015 Rnd 1 Pick 20,United States
503,8,Gabe York,SG,6-3,185,29,Indiana Pacers,1,Arizona,"2016 NBA Draft, Undrafted",United States
504,21,Thaddeus Young,F,6-8,235,34,Toronto Raptors,15,Georgia Tech,2007 Rnd 1 Pick 12,United States
505,11,Trae Young,PG,6-1,180,24,Atlanta Hawks,4,Oklahoma,2018 Rnd 1 Pick 5,United States
506,77,Omer Yurtseven,C,6-11,255,24,Miami Heat,2,Georgetown,"2020 NBA Draft, Undrafted",UzbekistanTurkey
507,44,Cody Zeller,F,6-11,240,30,Miami Heat,9,Indiana,2013 Rnd 1 Pick 4,United States
508,40,Ivica Zubac,C,7-0,240,26,Los Angeles Clippers,6,KK Mega Bemax (Serbia),2016 Rnd 2 Pick 2,Bosnia and HerzegovinaCroatia
